month,energy,water,working_day,codes,code,gfa,EUI
2018-01-01 00:00:00,679431.21,4046.32,22,SGX C1 Energy & Water,SGX1,25083.61204013378,27.086657572
2018-02-01 00:00:00,704826.52,2860.07,18,SGX C1 Energy & Water,SGX1,25083.61204013378,28.099083930666666
2018-03-01 00:00:00,741746.04,2508.02,21,SGX C1 Energy & Water,SGX1,25083.61204013378,29.570942128000002
2018-04-01 00:00:00,660587.34,4128.86,21,SGX C1 Energy & Water,SGX1,25083.61204013378,26.335415288
2018-05-01 00:00:00,655369.75,3310.68,21,SGX C1 Energy & Water,SGX1,25083.61204013378,26.127407366666667
2018-06-01 00:00:00,696392.1,3618.55,20,SGX C1 Energy & Water,SGX1,25083.61204013378,27.762831719999998
2018-07-01 00:00:00,690216.11,2625.54,22,SGX C1 Energy & Water,SGX1,25083.61204013378,27.516615585333334
2018-08-01 00:00:00,710065.11,3844.8,21,SGX C1 Energy & Water,SGX1,25083.61204013378,28.307929052
2018-09-01 00:00:00,719489.06,3487.02,20,SGX C1 Energy & Water,SGX1,25083.61204013378,28.683630525333335
2018-10-01 00:00:00,741567.44,2635.02,23,SGX C1 Energy & Water,SGX1,25083.61204013378,29.56382194133333
2018-11-01 00:00:00,718889.37,4115.79,21,SGX C1 Energy & Water,SGX1,25083.61204013378,28.659722884
2018-12-01 00:00:00,742230.48,3791.37,20,SGX C1 Energy & Water,SGX1,25083.61204013378,29.590255136
2019-01-01 00:00:00,780921.59,4491.89,22,SGX C1 Energy & Water,SGX1,25083.61204013378,31.13274072133333
2019-02-01 00:00:00,796230.88,5272.76,18,SGX C1 Energy & Water,SGX1,25083.61204013378,31.743071082666667
2019-03-01 00:00:00,655827.03,4879.95,21,SGX C1 Energy & Water,SGX1,25083.61204013378,26.145637596
2019-04-01 00:00:00,673469.21,5746.49,21,SGX C1 Energy & Water,SGX1,25083.61204013378,26.848972505333332
2019-05-01 00:00:00,739273.1,5250.92,21,SGX C1 Energy & Water,SGX1,25083.61204013378,29.472354253333332
2019-06-01 00:00:00,777971.86,5412.46,19,SGX C1 Energy & Water,SGX1,25083.61204013378,31.015144818666666
2019-07-01 00:00:00,679338.95,3576.58,23,SGX C1 Energy & Water,SGX1,25083.61204013378,27.08297947333333
2019-08-01 00:00:00,814263.6,6139.13,20,SGX C1 Energy & Water,SGX1,25083.61204013378,32.461975519999996
2019-09-01 00:00:00,767147.14,5443.21,21,SGX C1 Energy & Water,SGX1,25083.61204013378,30.583599314666667
2019-10-01 00:00:00,755917.21,6406.35,22,SGX C1 Energy & Water,SGX1,25083.61204013378,30.135899438666666
2019-11-01 00:00:00,664748.48,6057.62,21,SGX C1 Energy & Water,SGX1,25083.61204013378,26.50130606933333
2019-12-01 00:00:00,722899.56,4422.03,21,SGX C1 Energy & Water,SGX1,25083.61204013378,28.819595792
2020-01-01 00:00:00,624503.32,4723.93,21,SGX C1 Energy & Water,SGX1,25083.61204013378,24.896865690666665
2020-02-01 00:00:00,637795.17,5065.02,20,SGX C1 Energy & Water,SGX1,25083.61204013378,25.426767444000003
2020-03-01 00:00:00,692770.1,2702.26,22,SGX C1 Energy & Water,SGX1,25083.61204013378,27.61843465333333
2020-04-01 00:00:00,626179.35,4998.06,21,SGX C1 Energy & Water,SGX1,25083.61204013378,24.96368342
2020-05-01 00:00:00,646257.63,4770.76,18,SGX C1 Energy & Water,SGX1,25083.61204013378,25.764137516
2020-06-01 00:00:00,600380.62,3747.31,22,SGX C1 Energy & Water,SGX1,25083.61204013378,23.935174050666667
2020-07-01 00:00:00,720437.57,3990.79,22,SGX C1 Energy & Water,SGX1,25083.61204013378,28.72144445733333
2020-08-01 00:00:00,699585.28,4503.92,20,SGX C1 Energy & Water,SGX1,25083.61204013378,27.890133162666668
2020-09-01 00:00:00,675472.78,3524.81,22,SGX C1 Energy & Water,SGX1,25083.61204013378,26.928848162666668
2020-10-01 00:00:00,655534.09,4628.84,22,SGX C1 Energy & Water,SGX1,25083.61204013378,26.133959054666665
2020-11-01 00:00:00,616731.63,2392.11,20,SGX C1 Energy & Water,SGX1,25083.61204013378,24.587034316
2020-12-01 00:00:00,661347.48,4525.02,22,SGX C1 Energy & Water,SGX1,25083.61204013378,26.365719536
2021-01-01 00:00:00,400840.86,2143.16,20,SGX C1 Energy & Water,SGX1,25083.61204013378,15.980188951999999
2021-02-01 00:00:00,580186.47,2478.42,18,SGX C1 Energy & Water,SGX1,25083.61204013378,23.130100604
2021-03-01 00:00:00,531349.91,2779.94,23,SGX C1 Energy & Water,SGX1,25083.61204013378,21.183149745333335
2021-04-01 00:00:00,577503.28,2376.96,21,SGX C1 Energy & Water,SGX1,25083.61204013378,23.023130762666668
2021-05-01 00:00:00,540255.49,2629.76,18,SGX C1 Energy & Water,SGX1,25083.61204013378,21.538185534666667
2021-06-01 00:00:00,406774.95,2725.18,22,SGX C1 Energy & Water,SGX1,25083.61204013378,16.21676134
2021-07-01 00:00:00,551179.91,2029.01,21,SGX C1 Energy & Water,SGX1,25083.61204013378,21.973705745333334
2021-08-01 00:00:00,536556.2,2363.46,21,SGX C1 Energy & Water,SGX1,25083.61204013378,21.390707173333332
2021-09-01 00:00:00,594412.66,2058.64,22,SGX C1 Energy & Water,SGX1,25083.61204013378,23.697251378666667
2021-10-01 00:00:00,599836.77,2010.37,21,SGX C1 Energy & Water,SGX1,25083.61204013378,23.913492564000002
2021-11-01 00:00:00,393608.36,2850.1,21,SGX C1 Energy & Water,SGX1,25083.61204013378,15.691853285333332
2021-12-01 00:00:00,409421.87,2180.27,22,SGX C1 Energy & Water,SGX1,25083.61204013378,16.322285217333334
2022-01-01 00:00:00,417389.34,2482.58,20,SGX C1 Energy & Water,SGX1,25083.61204013378,16.639921688
2022-02-01 00:00:00,458173.72,2585.25,18,SGX C1 Energy & Water,SGX1,25083.61204013378,18.265858970666667
2022-03-01 00:00:00,431228.85,1196.74,23,SGX C1 Energy & Water,SGX1,25083.61204013378,17.19165682
2022-04-01 00:00:00,405652.48,1674.89,20,SGX C1 Energy & Water,SGX1,25083.61204013378,16.172012202666664
2022-05-01 00:00:00,460740.21,2739.15,19,SGX C1 Energy & Water,SGX1,25083.61204013378,18.368176372
2022-06-01 00:00:00,432539.05,1267.88,22,SGX C1 Energy & Water,SGX1,25083.61204013378,17.243890126666667
2022-07-01 00:00:00,465674.86,2026.29,20,SGX C1 Energy & Water,SGX1,25083.61204013378,18.564904418666664
2022-08-01 00:00:00,389830.65,1209.72,22,SGX C1 Energy & Water,SGX1,25083.61204013378,15.541248580000001
2022-09-01 00:00:00,376966.13,1120.44,22,SGX C1 Energy & Water,SGX1,25083.61204013378,15.028383049333334
2022-10-01 00:00:00,444089.14,1253.13,20,SGX C1 Energy & Water,SGX1,25083.61204013378,17.704353714666667
2022-11-01 00:00:00,449792.79,2544.72,22,SGX C1 Energy & Water,SGX1,25083.61204013378,17.931739227999998
2022-12-01 00:00:00,357795.82,1153.93,21,SGX C1 Energy & Water,SGX1,25083.61204013378,14.264126690666666
2023-01-01 00:00:00,441040.08,2757.0,19,SGX C1 Energy & Water,SGX1,25083.61204013378,17.582797856
2023-02-01 00:00:00,452706.93,2859.37,20,SGX C1 Energy & Water,SGX1,25083.61204013378,18.047916276
2023-03-01 00:00:00,459305.03,2519.91,23,SGX C1 Energy & Water,SGX1,25083.61204013378,18.310960529333336
2023-04-01 00:00:00,406226.34,2153.91,18,SGX C1 Energy & Water,SGX1,25083.61204013378,16.194890088
2023-05-01 00:00:00,452992.69,2946.21,22,SGX C1 Energy & Water,SGX1,25083.61204013378,18.059308574666666
2023-06-01 00:00:00,427066.66,2716.92,20,SGX C1 Energy & Water,SGX1,25083.61204013378,17.025724178666664
2023-07-01 00:00:00,415624.68,2798.63,21,SGX C1 Energy & Water,SGX1,25083.61204013378,16.569570576
2023-08-01 00:00:00,454167.89,2639.72,22,SGX C1 Energy & Water,SGX1,25083.61204013378,18.106159881333333
2023-09-01 00:00:00,402613.24,2599.12,21,SGX C1 Energy & Water,SGX1,25083.61204013378,16.050847834666666
2023-10-01 00:00:00,469413.18,2012.79,22,SGX C1 Energy & Water,SGX1,25083.61204013378,18.713938776
2023-11-01 00:00:00,440026.93,2215.85,21,SGX C1 Energy & Water,SGX1,25083.61204013378,17.542406942666666
2023-12-01 00:00:00,469428.75,2424.49,20,SGX C1 Energy & Water,SGX1,25083.61204013378,18.7145595
2024-01-01 00:00:00,265741.24,3114.81,22,SGX C1 Energy & Water,SGX1,25083.61204013378,10.594217434666666
2024-02-01 00:00:00,255125.13,2382.87,20,SGX C1 Energy & Water,SGX1,25083.61204013378,10.170988516
2024-03-01 00:00:00,264909.9188,2044.171021,20,SGX C1 Energy & Water,SGX1,25083.61204013378,10.561075429493332
2024-04-01 00:00:00,263636.2313,2044.171021,21,SGX C1 Energy & Water,SGX1,25083.61204013378,10.510297754493333
2024-05-01 00:00:00,280192.9063,2108.347192,21,SGX C1 Energy & Water,SGX1,25083.61204013378,11.170357197826666
2024-06-01 00:00:00,294627.6375,2006.138379,19,SGX C1 Energy & Water,SGX1,25083.61204013378,11.745821815000001
2024-07-01 00:00:00,312882.5313,2091.709717,23,SGX C1 Energy & Water,SGX1,25083.61204013378,12.47358358116
2024-08-01 00:00:00,303542.6625,2115.477539,21,SGX C1 Energy & Water,SGX1,25083.61204013378,12.101234145
2024-09-01 00:00:00,342599.9594,2291.371167,21,SGX C1 Energy & Water,SGX1,25083.61204013378,13.658318381413332
2024-10-01 00:00:00,330288.2656,2067.938721,22,SGX C1 Energy & Water,SGX1,25083.61204013378,13.167492188586666
2024-11-01 00:00:00,315854.075,2205.802881,21,SGX C1 Energy & Water,SGX1,25083.61204013378,12.592049123333334
2024-12-01 00:00:00,328590.4094,2267.603345,21,SGX C1 Energy & Water,SGX1,25083.61204013378,13.099804321413334
2018-01-01 00:00:00,794346.66,3596.75,22,SGX C2 Energy & Water,SGX2,25083.61204013378,31.667953512
2018-02-01 00:00:00,844759.29,3834.69,18,SGX C2 Energy & Water,SGX2,25083.61204013378,33.677737028
2018-03-01 00:00:00,856934.8,6220.61,21,SGX C2 Energy & Water,SGX2,25083.61204013378,34.16313402666667
2018-04-01 00:00:00,770943.83,4295.28,21,SGX C2 Energy & Water,SGX2,25083.61204013378,30.73496068933333
2018-05-01 00:00:00,800718.86,4333.48,21,SGX C2 Energy & Water,SGX2,25083.61204013378,31.921991885333334
2018-06-01 00:00:00,848115.68,4211.2,20,SGX C2 Energy & Water,SGX2,25083.61204013378,33.81154510933334
2018-07-01 00:00:00,775076.2,4395.01,22,SGX C2 Energy & Water,SGX2,25083.61204013378,30.899704506666666
2018-08-01 00:00:00,820949.9,5206.83,21,SGX C2 Energy & Water,SGX2,25083.61204013378,32.72853601333333
2018-09-01 00:00:00,794395.43,5681.75,20,SGX C2 Energy & Water,SGX2,25083.61204013378,31.669897809333335
2018-10-01 00:00:00,824324.09,4779.97,23,SGX C2 Energy & Water,SGX2,25083.61204013378,32.86305372133333
2018-11-01 00:00:00,804901.04,4205.45,21,SGX C2 Energy & Water,SGX2,25083.61204013378,32.088721461333336
2018-12-01 00:00:00,803338.45,5552.03,20,SGX C2 Energy & Water,SGX2,25083.61204013378,32.02642620666666
2019-01-01 00:00:00,75519.94,4688.37,22,SGX C2 Energy & Water,SGX2,25083.61204013378,3.0107282746666666
2019-02-01 00:00:00,81896.23,4901.19,18,SGX C2 Energy & Water,SGX2,25083.61204013378,3.2649297026666666
2019-03-01 00:00:00,79441.36,5282.44,21,SGX C2 Energy & Water,SGX2,25083.61204013378,3.1670622186666666
2019-04-01 00:00:00,78659.52,5834.81,21,SGX C2 Energy & Water,SGX2,25083.61204013378,3.135892864
2019-05-01 00:00:00,83454.24,4686.46,21,SGX C2 Energy & Water,SGX2,25083.61204013378,3.3270423680000003
2019-06-01 00:00:00,84909.36,4977.09,19,SGX C2 Energy & Water,SGX2,25083.61204013378,3.385053152
2019-07-01 00:00:00,83399.35,5207.55,23,SGX C2 Energy & Water,SGX2,25083.61204013378,3.324854086666667
2019-08-01 00:00:00,82356.24,5813.58,20,SGX C2 Energy & Water,SGX2,25083.61204013378,3.283268768
2019-09-01 00:00:00,76900.5,5096.6,21,SGX C2 Energy & Water,SGX2,25083.61204013378,3.0657666
2019-10-01 00:00:00,75849.93,5186.41,22,SGX C2 Energy & Water,SGX2,25083.61204013378,3.0238838759999997
2019-11-01 00:00:00,85120.6,5396.52,21,SGX C2 Energy & Water,SGX2,25083.61204013378,3.3934745866666667
2019-12-01 00:00:00,75961.97,4875.03,21,SGX C2 Energy & Water,SGX2,25083.61204013378,3.0283505373333335
2020-01-01 00:00:00,800810.45,2012.01,21,SGX C2 Energy & Water,SGX2,25083.61204013378,31.925643273333332
2020-02-01 00:00:00,727904.39,3586.1,20,SGX C2 Energy & Water,SGX2,25083.61204013378,29.019121681333335
2020-03-01 00:00:00,721975.1,3513.23,22,SGX C2 Energy & Water,SGX2,25083.61204013378,28.78274065333333
2020-04-01 00:00:00,650705.22,4635.69,21,SGX C2 Energy & Water,SGX2,25083.61204013378,25.941448104
2020-05-01 00:00:00,738854.16,4424.63,18,SGX C2 Energy & Water,SGX2,25083.61204013378,29.455652512
2020-06-01 00:00:00,782610.74,3375.76,22,SGX C2 Energy & Water,SGX2,25083.61204013378,31.200081501333333
2020-07-01 00:00:00,763810.8,4735.79,22,SGX C2 Energy & Water,SGX2,25083.61204013378,30.450590560000002
2020-08-01 00:00:00,774070.77,3601.83,20,SGX C2 Energy & Water,SGX2,25083.61204013378,30.859621364000002
2020-09-01 00:00:00,649476.08,4367.86,22,SGX C2 Energy & Water,SGX2,25083.61204013378,25.892446389333333
2020-10-01 00:00:00,700399.87,2887.29,22,SGX C2 Energy & Water,SGX2,25083.61204013378,27.922608150666665
2020-11-01 00:00:00,606700.27,4349.3,20,SGX C2 Energy & Water,SGX2,25083.61204013378,24.187117430666667
2020-12-01 00:00:00,661327.05,3020.33,22,SGX C2 Energy & Water,SGX2,25083.61204013378,26.36490506
2021-01-01 00:00:00,673635.2,1586.59,20,SGX C2 Energy & Water,SGX2,25083.61204013378,26.85558997333333
2021-02-01 00:00:00,609763.28,2488.21,18,SGX C2 Energy & Water,SGX2,25083.61204013378,24.309229429333335
2021-03-01 00:00:00,524653.79,1976.43,23,SGX C2 Energy & Water,SGX2,25083.61204013378,20.916197761333336
2021-04-01 00:00:00,603292.83,1894.6,21,SGX C2 Energy & Water,SGX2,25083.61204013378,24.051274155999998
2021-05-01 00:00:00,615720.78,1590.15,18,SGX C2 Energy & Water,SGX2,25083.61204013378,24.546735096000003
2021-06-01 00:00:00,564269.36,1448.42,22,SGX C2 Energy & Water,SGX2,25083.61204013378,22.495538485333334
2021-07-01 00:00:00,599512.03,2595.37,21,SGX C2 Energy & Water,SGX2,25083.61204013378,23.90054626266667
2021-08-01 00:00:00,704121.15,1443.47,21,SGX C2 Energy & Water,SGX2,25083.61204013378,28.07096318
2021-09-01 00:00:00,693979.63,1409.12,22,SGX C2 Energy & Water,SGX2,25083.61204013378,27.666654582666666
2021-10-01 00:00:00,441032.61,1718.74,21,SGX C2 Energy & Water,SGX2,25083.61204013378,17.582500052
2021-11-01 00:00:00,516084.91,1499.71,21,SGX C2 Energy & Water,SGX2,25083.61204013378,20.574585078666665
2021-12-01 00:00:00,542002.08,2008.29,22,SGX C2 Energy & Water,SGX2,25083.61204013378,21.607816256
2022-01-01 00:00:00,438673.27,1700.13,20,SGX C2 Energy & Water,SGX2,25083.61204013378,17.488441030666667
2022-02-01 00:00:00,418402.8,2090.35,18,SGX C2 Energy & Water,SGX2,25083.61204013378,16.68032496
2022-03-01 00:00:00,387882.84,2977.1,23,SGX C2 Energy & Water,SGX2,25083.61204013378,15.463595888
2022-04-01 00:00:00,439249.9,2356.55,20,SGX C2 Energy & Water,SGX2,25083.61204013378,17.511429346666667
2022-05-01 00:00:00,403236.38,1805.22,19,SGX C2 Energy & Water,SGX2,25083.61204013378,16.075690349333332
2022-06-01 00:00:00,400151.74,2424.23,22,SGX C2 Energy & Water,SGX2,25083.61204013378,15.952716034666667
2022-07-01 00:00:00,385901.78,2443.2,20,SGX C2 Energy & Water,SGX2,25083.61204013378,15.384617629333334
2022-08-01 00:00:00,413748.99,2544.04,22,SGX C2 Energy & Water,SGX2,25083.61204013378,16.494793068
2022-09-01 00:00:00,424775.12,1796.12,22,SGX C2 Energy & Water,SGX2,25083.61204013378,16.93436811733333
2022-10-01 00:00:00,432355.5,2783.7,20,SGX C2 Energy & Water,SGX2,25083.61204013378,17.2365726
2022-11-01 00:00:00,420328.59,1862.06,22,SGX C2 Energy & Water,SGX2,25083.61204013378,16.757099788
2022-12-01 00:00:00,439835.46,1733.04,21,SGX C2 Energy & Water,SGX2,25083.61204013378,17.534773672
2023-01-01 00:00:00,417446.93,2902.57,19,SGX C2 Energy & Water,SGX2,25083.61204013378,16.642217609333333
2023-02-01 00:00:00,403486.86,3492.53,20,SGX C2 Energy & Water,SGX2,25083.61204013378,16.085676151999998
2023-03-01 00:00:00,403330.47,3051.64,23,SGX C2 Energy & Water,SGX2,25083.61204013378,16.079441403999997
2023-04-01 00:00:00,439514.19,3005.6,18,SGX C2 Energy & Water,SGX2,25083.61204013378,17.521965708
2023-05-01 00:00:00,438282.72,3031.04,22,SGX C2 Energy & Water,SGX2,25083.61204013378,17.472871104
2023-06-01 00:00:00,429827.37,2235.07,20,SGX C2 Energy & Water,SGX2,25083.61204013378,17.135784484
2023-07-01 00:00:00,445610.51,2439.42,21,SGX C2 Energy & Water,SGX2,25083.61204013378,17.765005665333334
2023-08-01 00:00:00,437722.87,2174.02,22,SGX C2 Energy & Water,SGX2,25083.61204013378,17.450551750666666
2023-09-01 00:00:00,405112.71,3090.91,21,SGX C2 Energy & Water,SGX2,25083.61204013378,16.150493372
2023-10-01 00:00:00,400190.56,2996.97,22,SGX C2 Energy & Water,SGX2,25083.61204013378,15.954263658666667
2023-11-01 00:00:00,412203.1,2883.32,21,SGX C2 Energy & Water,SGX2,25083.61204013378,16.433163586666666
2023-12-01 00:00:00,434162.84,3236.2,20,SGX C2 Energy & Water,SGX2,25083.61204013378,17.308625221333333
2024-01-01 00:00:00,423909.62,2007.03,22,SGX C2 Energy & Water,SGX2,25083.61204013378,16.899863517333333
2024-02-01 00:00:00,407264.95,2815.23,20,SGX C2 Energy & Water,SGX2,25083.61204013378,16.236296006666667
2024-03-01 00:00:00,406773.4063,2267.438721,20,SGX C2 Energy & Water,SGX2,25083.61204013378,16.216699797826667
2024-04-01 00:00:00,404091.3875,2190.228223,21,SGX C2 Energy & Water,SGX2,25083.61204013378,16.109776648333334
2024-05-01 00:00:00,396492.4188,2239.127441,21,SGX C2 Energy & Water,SGX2,25083.61204013378,15.80683109616
2024-06-01 00:00:00,415713.4688,2483.630884,19,SGX C2 Energy & Water,SGX2,25083.61204013378,16.573110289493332
2024-07-01 00:00:00,414372.5438,2025.510229,23,SGX C2 Energy & Water,SGX2,25083.61204013378,16.519652079493333
2024-08-01 00:00:00,411243.7188,2251.996484,21,SGX C2 Energy & Water,SGX2,25083.61204013378,16.39491625616
2024-09-01 00:00:00,414372.5438,2146.475732,21,SGX C2 Energy & Water,SGX2,25083.61204013378,16.519652079493333
2024-10-01 00:00:00,414372.5438,2167.065308,22,SGX C2 Energy & Water,SGX2,25083.61204013378,16.519652079493333
2024-11-01 00:00:00,411243.7188,2293.176465,21,SGX C2 Energy & Water,SGX2,25083.61204013378,16.39491625616
2024-12-01 00:00:00,417501.7844,2419.288574,21,SGX C2 Energy & Water,SGX2,25083.61204013378,16.644404471413335
2018-01-01 00:00:00,113804.3,922.42,22,TP1 Energy & Water,TP1,16815.310293571165,6.767897708287292
2018-02-01 00:00:00,103569.98,1266.21,18,TP1 Energy & Water,TP1,16815.310293571165,6.159266655911601
2018-03-01 00:00:00,100568.68,854.26,21,TP1 Energy & Water,TP1,16815.310293571165,5.980780505635358
2018-04-01 00:00:00,116494.37,1087.28,21,TP1 Energy & Water,TP1,16815.310293571165,6.9278751308287285
2018-05-01 00:00:00,119514.61,1078.75,21,TP1 Energy & Water,TP1,16815.310293571165,7.10748763558011
2018-06-01 00:00:00,113022.57,1150.96,20,TP1 Energy & Water,TP1,16815.310293571165,6.721408527513812
2018-07-01 00:00:00,102635.12,1297.87,22,TP1 Energy & Water,TP1,16815.310293571165,6.103670893259667
2018-08-01 00:00:00,111493.05,1088.07,21,TP1 Energy & Water,TP1,16815.310293571165,6.630448564640884
2018-09-01 00:00:00,111323.26,860.98,20,TP1 Energy & Water,TP1,16815.310293571165,6.620351219005524
2018-10-01 00:00:00,119810.69,1167.91,23,TP1 Energy & Water,TP1,16815.310293571165,7.125095398674032
2018-11-01 00:00:00,109551.11,1038.36,21,TP1 Energy & Water,TP1,16815.310293571165,6.514962143867403
2018-12-01 00:00:00,105565.19,1227.69,20,TP1 Energy & Water,TP1,16815.310293571165,6.277921022983425
2019-01-01 00:00:00,100684.3,704.4,22,TP1 Energy & Water,TP1,16815.310293571165,5.987656382320441
2019-02-01 00:00:00,107386.74,752.22,18,TP1 Energy & Water,TP1,16815.310293571165,6.386247897016574
2019-03-01 00:00:00,93743.24,890.35,21,TP1 Energy & Water,TP1,16815.310293571165,5.574874228508287
2019-04-01 00:00:00,109584.02,978.11,21,TP1 Energy & Water,TP1,16815.310293571165,6.5169192888397784
2019-05-01 00:00:00,118349.78,886.5,21,TP1 Energy & Water,TP1,16815.310293571165,7.03821564596685
2019-06-01 00:00:00,108862.93,915.0,19,TP1 Energy & Water,TP1,16815.310293571165,6.474036345414364
2019-07-01 00:00:00,112987.62,873.1,23,TP1 Energy & Water,TP1,16815.310293571165,6.719330064530386
2019-08-01 00:00:00,102879.46,985.45,20,TP1 Energy & Water,TP1,16815.310293571165,6.118201698563536
2019-09-01 00:00:00,99356.0,859.36,21,TP1 Energy & Water,TP1,16815.310293571165,5.908662895027624
2019-10-01 00:00:00,100721.58,872.09,22,TP1 Energy & Water,TP1,16815.310293571165,5.989873409502762
2019-11-01 00:00:00,114561.3,728.82,21,TP1 Energy & Water,TP1,16815.310293571165,6.8129162055248615
2019-12-01 00:00:00,108165.77,776.01,21,TP1 Energy & Water,TP1,16815.310293571165,6.432576509834254
2020-01-01 00:00:00,72143.65,-1490.61,21,TP1 Energy & Water,TP1,16815.310293571165,4.290354964640883
2020-02-01 00:00:00,97801.07,803.9,20,TP1 Energy & Water,TP1,16815.310293571165,5.816191809281768
2020-03-01 00:00:00,85776.42,800.8,22,TP1 Energy & Water,TP1,16815.310293571165,5.101090524198894
2020-04-01 00:00:00,79990.68,802.3,21,TP1 Energy & Water,TP1,16815.310293571165,4.757014803977899
2020-05-01 00:00:00,86337.04,724.8,18,TP1 Energy & Water,TP1,16815.310293571165,5.134430378784529
2020-06-01 00:00:00,97912.14,854.2,22,TP1 Energy & Water,TP1,16815.310293571165,5.822797099226519
2020-07-01 00:00:00,76599.61,694.7,22,TP1 Energy & Water,TP1,16815.310293571165,4.555349182541436
2020-08-01 00:00:00,80524.32,766.7,20,TP1 Energy & Water,TP1,16815.310293571165,4.78875016839779
2020-09-01 00:00:00,74913.19,689.7,22,TP1 Energy & Water,TP1,16815.310293571165,4.455058437348066
2020-10-01 00:00:00,82774.88,712.7,22,TP1 Energy & Water,TP1,16815.310293571165,4.922590101215469
2020-11-01 00:00:00,94568.8,-1527.0,20,TP1 Energy & Water,TP1,16815.310293571165,5.623969962430939
2020-12-01 00:00:00,89952.16,451.0,22,TP1 Energy & Water,TP1,16815.310293571165,5.349420167071822
2021-01-01 00:00:00,126442.14,473.82,20,TP1 Energy & Water,TP1,16815.310293571165,7.519465165524861
2021-02-01 00:00:00,93448.8,634.84,18,TP1 Energy & Water,TP1,16815.310293571165,5.55736399558011
2021-03-01 00:00:00,113978.35,753.63,23,TP1 Energy & Water,TP1,16815.310293571165,6.7782483944751375
2021-04-01 00:00:00,108574.87,552.35,21,TP1 Energy & Water,TP1,16815.310293571165,6.456905528618783
2021-05-01 00:00:00,108099.51,872.38,18,TP1 Energy & Water,TP1,16815.310293571165,6.428636053259668
2021-06-01 00:00:00,109310.64,552.92,22,TP1 Energy & Water,TP1,16815.310293571165,6.50066148596685
2021-07-01 00:00:00,115775.23,812.78,21,TP1 Energy & Water,TP1,16815.310293571165,6.8851081531491705
2021-08-01 00:00:00,121413.41,682.4,21,TP1 Energy & Water,TP1,16815.310293571165,7.220408537237568
2021-09-01 00:00:00,86088.73,729.61,22,TP1 Energy & Water,TP1,16815.310293571165,5.119663479116022
2021-10-01 00:00:00,101147.14,533.57,21,TP1 Energy & Water,TP1,16815.310293571165,6.015181298121546
2021-11-01 00:00:00,113228.42,584.81,21,TP1 Energy & Water,TP1,16815.310293571165,6.733650347403314
2021-12-01 00:00:00,113659.92,571.8,22,TP1 Energy & Water,TP1,16815.310293571165,6.759311485524861
2022-01-01 00:00:00,39164.41,894.06,20,TP1 Energy & Water,TP1,16815.310293571165,2.329092316243094
2022-02-01 00:00:00,14362.52,1042.9,18,TP1 Energy & Water,TP1,16815.310293571165,0.8541335098342541
2022-03-01 00:00:00,85818.53,926.7,23,TP1 Energy & Water,TP1,16815.310293571165,5.103594789613259
2022-04-01 00:00:00,81475.7,869.16,20,TP1 Energy & Water,TP1,16815.310293571165,4.8453283690607725
2022-05-01 00:00:00,27790.33,996.95,19,TP1 Energy & Water,TP1,16815.310293571165,1.6526801774585635
2022-06-01 00:00:00,30266.98,805.28,22,TP1 Energy & Water,TP1,16815.310293571165,1.7999655951381213
2022-07-01 00:00:00,106419.91,876.42,20,TP1 Energy & Water,TP1,16815.310293571165,6.328750890828728
2022-08-01 00:00:00,128033.07,893.89,22,TP1 Energy & Water,TP1,16815.310293571165,7.614077157348066
2022-09-01 00:00:00,23240.61,733.65,22,TP1 Energy & Water,TP1,16815.310293571165,1.3821100886187845
2022-10-01 00:00:00,89959.61,894.93,20,TP1 Energy & Water,TP1,16815.310293571165,5.349863215690608
2022-11-01 00:00:00,34732.34,1006.9,22,TP1 Energy & Water,TP1,16815.310293571165,2.0655188274033143
2022-12-01 00:00:00,128924.19,1012.71,21,TP1 Energy & Water,TP1,16815.310293571165,7.667071719116022
2023-01-01 00:00:00,125693.65,1056.88,19,TP1 Energy & Water,TP1,16815.310293571165,7.474952754696131
2023-02-01 00:00:00,113756.03,1088.15,20,TP1 Energy & Water,TP1,16815.310293571165,6.7650271100552475
2023-03-01 00:00:00,113829.93,776.97,23,TP1 Energy & Water,TP1,16815.310293571165,6.769421914475137
2023-04-01 00:00:00,116891.42,853.55,18,TP1 Energy & Water,TP1,16815.310293571165,6.9514875407734795
2023-05-01 00:00:00,118290.59,1036.13,22,TP1 Energy & Water,TP1,16815.310293571165,7.03469563955801
2023-06-01 00:00:00,127007.01,852.2,20,TP1 Energy & Water,TP1,16815.310293571165,7.55305776596685
2023-07-01 00:00:00,107711.43,724.32,21,TP1 Energy & Water,TP1,16815.310293571165,6.405557085745855
2023-08-01 00:00:00,129477.9,905.35,22,TP1 Energy & Water,TP1,16815.310293571165,7.700000638674032
2023-09-01 00:00:00,123813.31,1074.09,21,TP1 Energy & Water,TP1,16815.310293571165,7.363129662099446
2023-10-01 00:00:00,123319.33,921.17,22,TP1 Energy & Water,TP1,16815.310293571165,7.333752862541436
2023-11-01 00:00:00,124191.14,1091.68,21,TP1 Energy & Water,TP1,16815.310293571165,7.385599066077347
2023-12-01 00:00:00,113064.25,638.34,20,TP1 Energy & Water,TP1,16815.310293571165,6.723887220994475
2024-01-01 00:00:00,123400.36,975.68,22,TP1 Energy & Water,TP1,16815.310293571165,7.338571685303867
2024-02-01 00:00:00,129362.46,921.01,20,TP1 Energy & Water,TP1,16815.310293571165,7.693135466519337
2024-03-01 00:00:00,110147.0156,909.8991821,20,TP1 Energy & Water,TP1,16815.310293571165,6.550400419438673
2024-04-01 00:00:00,110147.0156,898.1751221,21,TP1 Energy & Water,TP1,16815.310293571165,6.550400419438673
2024-05-01 00:00:00,107752.5703,851.2796753,21,TP1 Energy & Water,TP1,16815.310293571165,6.408003683476243
2024-06-01 00:00:00,110945.2344,894.9186096,19,TP1 Energy & Water,TP1,16815.310293571165,6.5978701827712705
2024-07-01 00:00:00,108071.7867,845.4176453,23,TP1 Energy & Water,TP1,16815.310293571165,6.4269873593303855
2024-08-01 00:00:00,108071.7867,847.3717468,21,TP1 Energy & Water,TP1,16815.310293571165,6.4269873593303855
2024-09-01 00:00:00,108630.5398,840.8585388,21,TP1 Energy & Water,TP1,16815.310293571165,6.460216190095027
2024-10-01 00:00:00,108949.7508,812.2003296,22,TP1 Energy & Water,TP1,16815.310293571165,6.479199544813259
2024-11-01 00:00:00,96338.70781,801.7793274,21,TP1 Energy & Water,TP1,16815.310293571165,5.729225695396906
2024-12-01 00:00:00,103841.4711,814.8057556,21,TP1 Energy & Water,TP1,16815.310293571165,6.175412126632043
2018-01-01 00:00:00,112139.32,841.86,22,TP2 Energy & Water,TP2,16815.310293571165,6.66888199160221
2018-02-01 00:00:00,118729.47,649.02,18,TP2 Energy & Water,TP2,16815.310293571165,7.060795663425414
2018-03-01 00:00:00,112937.58,837.14,21,TP2 Energy & Water,TP2,16815.310293571165,6.716354205082872
2018-04-01 00:00:00,119333.18,1350.56,21,TP2 Energy & Water,TP2,16815.310293571165,7.096698063646408
2018-05-01 00:00:00,116676.79,1448.23,21,TP2 Energy & Water,TP2,16815.310293571165,6.938723577679557
2018-06-01 00:00:00,107874.12,503.63,20,TP2 Energy & Water,TP2,16815.310293571165,6.415232197127071
2018-07-01 00:00:00,100111.63,1437.31,22,TP2 Energy & Water,TP2,16815.310293571165,5.953599918895027
2018-08-01 00:00:00,112801.26,1133.08,21,TP2 Energy & Water,TP2,16815.310293571165,6.7082473074033135
2018-09-01 00:00:00,111617.4,534.12,20,TP2 Energy & Water,TP2,16815.310293571165,6.637843611049723
2018-10-01 00:00:00,111203.41,1476.14,23,TP2 Energy & Water,TP2,16815.310293571165,6.613223785856353
2018-11-01 00:00:00,104586.8,1036.78,21,TP2 Energy & Water,TP2,16815.310293571165,6.219736548066298
2018-12-01 00:00:00,108214.97,1319.83,20,TP2 Energy & Water,TP2,16815.310293571165,6.4355024148066295
2019-01-01 00:00:00,119927.18,1490.52,22,TP2 Energy & Water,TP2,16815.310293571165,7.132023013922651
2019-02-01 00:00:00,126737.52,1427.35,18,TP2 Energy & Water,TP2,16815.310293571165,7.537031299889502
2019-03-01 00:00:00,110164.1,1028.79,21,TP2 Energy & Water,TP2,16815.310293571165,6.5514164220994475
2019-04-01 00:00:00,123397.43,967.96,21,TP2 Energy & Water,TP2,16815.310293571165,7.338397439337015
2019-05-01 00:00:00,113234.63,1151.91,21,TP2 Energy & Water,TP2,16815.310293571165,6.734019653701657
2019-06-01 00:00:00,109555.16,925.57,19,TP2 Energy & Water,TP2,16815.310293571165,6.515202995801104
2019-07-01 00:00:00,127197.7,815.89,23,TP2 Energy & Water,TP2,16815.310293571165,7.564398026519336
2019-08-01 00:00:00,105519.41,1272.97,20,TP2 Energy & Water,TP2,16815.310293571165,6.275198504088397
2019-09-01 00:00:00,124540.87,1100.04,21,TP2 Energy & Water,TP2,16815.310293571165,7.406397373922651
2019-10-01 00:00:00,106915.37,890.12,22,TP2 Energy & Water,TP2,16815.310293571165,6.358215705414364
2019-11-01 00:00:00,109563.52,1103.08,21,TP2 Energy & Water,TP2,16815.310293571165,6.515700161767955
2019-12-01 00:00:00,118676.6,1036.72,21,TP2 Energy & Water,TP2,16815.310293571165,7.057651504972375
2020-01-01 00:00:00,118058.81,786.8,21,TP2 Energy & Water,TP2,16815.310293571165,7.020911772596684
2020-02-01 00:00:00,114075.16,882.24,20,TP2 Energy & Water,TP2,16815.310293571165,6.784005647734806
2020-03-01 00:00:00,113483.19,699.74,22,TP2 Energy & Water,TP2,16815.310293571165,6.74880142077348
2020-04-01 00:00:00,90021.85,1044.07,21,TP2 Energy & Water,TP2,16815.310293571165,5.35356460441989
2020-05-01 00:00:00,120962.28,645.87,18,TP2 Energy & Water,TP2,16815.310293571165,7.193580010607734
2020-06-01 00:00:00,99569.83,720.2,22,TP2 Energy & Water,TP2,16815.310293571165,5.921379282430939
2020-07-01 00:00:00,128134.19,945.11,22,TP2 Energy & Water,TP2,16815.310293571165,7.6200907246408836
2020-08-01 00:00:00,99169.93,961.78,20,TP2 Energy & Water,TP2,16815.310293571165,5.897597384088397
2020-09-01 00:00:00,105821.72,672.06,22,TP2 Energy & Water,TP2,16815.310293571165,6.293176762872927
2020-10-01 00:00:00,107755.43,823.54,22,TP2 Energy & Water,TP2,16815.310293571165,6.408173748729281
2020-11-01 00:00:00,90483.36,967.37,20,TP2 Energy & Water,TP2,16815.310293571165,5.381010425635359
2020-12-01 00:00:00,120083.9,1100.52,22,TP2 Energy & Water,TP2,16815.310293571165,7.141343091712706
2021-01-01 00:00:00,122285.55,704.55,20,TP2 Energy & Water,TP2,16815.310293571165,7.272274365745856
2021-02-01 00:00:00,103053.96,720.7,18,TP2 Energy & Water,TP2,16815.310293571165,6.128579146077348
2021-03-01 00:00:00,100449.16,670.61,23,TP2 Energy & Water,TP2,16815.310293571165,5.973672697458563
2021-04-01 00:00:00,107649.22,543.27,21,TP2 Energy & Water,TP2,16815.310293571165,6.4018574811049715
2021-05-01 00:00:00,125733.93,893.32,18,TP2 Energy & Water,TP2,16815.310293571165,7.477348190718231
2021-06-01 00:00:00,113535.74,904.43,22,TP2 Energy & Water,TP2,16815.310293571165,6.7519265489502756
2021-07-01 00:00:00,123478.52,709.48,21,TP2 Energy & Water,TP2,16815.310293571165,7.343219830276243
2021-08-01 00:00:00,112753.76,728.71,21,TP2 Energy & Water,TP2,16815.310293571165,6.70542250077348
2021-09-01 00:00:00,109774.81,665.62,22,TP2 Energy & Water,TP2,16815.310293571165,6.52826549635359
2021-10-01 00:00:00,126363.99,1099.36,21,TP2 Energy & Water,TP2,16815.310293571165,7.514817615248618
2021-11-01 00:00:00,114626.62,841.65,21,TP2 Energy & Water,TP2,16815.310293571165,6.816800760662982
2021-12-01 00:00:00,125003.41,587.36,22,TP2 Energy & Water,TP2,16815.310293571165,7.433904448839779
2022-01-01 00:00:00,107203.48,862.71,20,TP2 Energy & Water,TP2,16815.310293571165,6.375349495690607
2022-02-01 00:00:00,102618.13,1139.21,18,TP2 Energy & Water,TP2,16815.310293571165,6.1026605045303866
2022-03-01 00:00:00,114765.78,751.13,23,TP2 Energy & Water,TP2,16815.310293571165,6.825076552044198
2022-04-01 00:00:00,105099.64,1067.31,20,TP2 Energy & Water,TP2,16815.310293571165,6.250234944530386
2022-05-01 00:00:00,100166.15,829.01,19,TP2 Energy & Water,TP2,16815.310293571165,5.956842202209944
2022-06-01 00:00:00,118543.23,984.78,22,TP2 Energy & Water,TP2,16815.310293571165,7.049720042651932
2022-07-01 00:00:00,107518.78,690.75,20,TP2 Energy & Water,TP2,16815.310293571165,6.394100264751381
2022-08-01 00:00:00,104769.82,890.33,22,TP2 Energy & Water,TP2,16815.310293571165,6.230620676685082
2022-09-01 00:00:00,108518.02,789.84,22,TP2 Energy & Water,TP2,16815.310293571165,6.453524681104972
2022-10-01 00:00:00,117157.32,1119.65,20,TP2 Energy & Water,TP2,16815.310293571165,6.967300510939226
2022-11-01 00:00:00,102263.69,691.79,22,TP2 Energy & Water,TP2,16815.310293571165,6.081582094806629
2022-12-01 00:00:00,106162.55,903.64,21,TP2 Energy & Water,TP2,16815.310293571165,6.313445791160221
2023-01-01 00:00:00,106399.86,690.74,19,TP2 Energy & Water,TP2,16815.310293571165,6.327558525082872
2023-02-01 00:00:00,99309.64,806.48,20,TP2 Energy & Water,TP2,16815.310293571165,5.905905883756906
2023-03-01 00:00:00,118721.42,894.66,23,TP2 Energy & Water,TP2,16815.310293571165,7.060316933038673
2023-04-01 00:00:00,97817.37,689.43,18,TP2 Energy & Water,TP2,16815.310293571165,5.817161163977899
2023-05-01 00:00:00,115366.71,767.83,22,TP2 Energy & Water,TP2,16815.310293571165,6.860813626740331
2023-06-01 00:00:00,104708.28,715.02,20,TP2 Energy & Water,TP2,16815.310293571165,6.226960916685083
2023-07-01 00:00:00,115573.88,842.09,21,TP2 Energy & Water,TP2,16815.310293571165,6.873133946519337
2023-08-01 00:00:00,110734.01,971.97,22,TP2 Energy & Water,TP2,16815.310293571165,6.585308749392264
2023-09-01 00:00:00,115079.52,747.1,21,TP2 Energy & Water,TP2,16815.310293571165,6.843734548508287
2023-10-01 00:00:00,108788.09,713.23,22,TP2 Energy & Water,TP2,16815.310293571165,6.4695856395580105
2023-11-01 00:00:00,114999.99,976.84,21,TP2 Energy & Water,TP2,16815.310293571165,6.839004930165745
2023-12-01 00:00:00,106668.57,954.03,20,TP2 Energy & Water,TP2,16815.310293571165,6.3435386048618785
2024-01-01 00:00:00,125451.15,728.01,22,TP2 Energy & Water,TP2,16815.310293571165,7.460531373480662
2024-02-01 00:00:00,111395.8,752.65,20,TP2 Energy & Water,TP2,16815.310293571165,6.624665144751381
2024-03-01 00:00:00,110526.4266,746.6113403,20,TP2 Energy & Water,TP2,16815.310293571165,6.5729638448751375
2024-04-01 00:00:00,106665.9742,818.0143433,21,TP2 Energy & Water,TP2,16815.310293571165,6.343384233639778
2024-05-01 00:00:00,105742.8438,797.9104919,21,TP2 Energy & Water,TP2,16815.310293571165,6.288486025763535
2024-06-01 00:00:00,106582.0156,755.6230469,19,TP2 Energy & Water,TP2,16815.310293571165,6.338391248167955
2024-07-01 00:00:00,107421.2969,746.6113403,23,TP2 Energy & Water,TP2,16815.310293571165,6.388302982495027
2024-08-01 00:00:00,108260.4688,790.2850342,21,TP2 Energy & Water,TP2,16815.310293571165,6.438208210846408
2024-09-01 00:00:00,109938.9297,746.6113403,21,TP2 Energy & Water,TP2,16815.310293571165,6.538025631440883
2024-10-01 00:00:00,110526.4266,729.2802429,22,TP2 Energy & Water,TP2,16815.310293571165,6.5729638448751375
2024-11-01 00:00:00,108847.9656,777.8068726,21,TP2 Energy & Water,TP2,16815.310293571165,6.473146418333701
2024-12-01 00:00:00,105491.057,784.0456543,21,TP2 Energy & Water,TP2,16815.310293571165,6.273512362143646
2018-01-01 00:00:00,56086.86,513.72,22,SC Energy & Water,SC,5852.842809364549,9.58284065142857
2018-02-01 00:00:00,72427.45,365.84,18,SC Energy & Water,SC,5852.842809364549,12.37474717142857
2018-03-01 00:00:00,78214.19,276.49,21,SC Energy & Water,SC,5852.842809364549,13.363453034285714
2018-04-01 00:00:00,58004.47,350.14,21,SC Energy & Water,SC,5852.842809364549,9.910478017142857
2018-05-01 00:00:00,79484.11,311.9,21,SC Energy & Water,SC,5852.842809364549,13.580427937142856
2018-06-01 00:00:00,61398.94,523.12,20,SC Energy & Water,SC,5852.842809364549,10.490447462857142
2018-07-01 00:00:00,82790.1,334.09,22,SC Energy & Water,SC,5852.842809364549,14.145279942857142
2018-08-01 00:00:00,72572.11,607.88,21,SC Energy & Water,SC,5852.842809364549,12.399463365714285
2018-09-01 00:00:00,56360.16,489.8,20,SC Energy & Water,SC,5852.842809364549,9.629535908571428
2018-10-01 00:00:00,92371.69,617.94,23,SC Energy & Water,SC,5852.842809364549,15.782363034285714
2018-11-01 00:00:00,86055.38,438.09,21,SC Energy & Water,SC,5852.842809364549,14.703176354285715
2018-12-01 00:00:00,57328.29,561.44,20,SC Energy & Water,SC,5852.842809364549,9.794947834285713
2019-01-01 00:00:00,89698.81,597.94,22,SC Energy & Water,SC,5852.842809364549,15.325682394285712
2019-02-01 00:00:00,72234.11,782.02,18,SC Energy & Water,SC,5852.842809364549,12.34171365142857
2019-03-01 00:00:00,87010.28,975.79,21,SC Energy & Water,SC,5852.842809364549,14.866327839999999
2019-04-01 00:00:00,78762.47,588.55,21,SC Energy & Water,SC,5852.842809364549,13.457130588571427
2019-05-01 00:00:00,80312.33,562.98,21,SC Energy & Water,SC,5852.842809364549,13.721935239999999
2019-06-01 00:00:00,78725.04,885.13,19,SC Energy & Water,SC,5852.842809364549,13.450735405714283
2019-07-01 00:00:00,75451.47,758.97,23,SC Energy & Water,SC,5852.842809364549,12.891422588571428
2019-08-01 00:00:00,83699.1,923.68,20,SC Energy & Water,SC,5852.842809364549,14.300589085714286
2019-09-01 00:00:00,76701.93,704.06,21,SC Energy & Water,SC,5852.842809364549,13.10507261142857
2019-10-01 00:00:00,76416.41,1022.89,22,SC Energy & Water,SC,5852.842809364549,13.05628948
2019-11-01 00:00:00,82930.01,326.88,21,SC Energy & Water,SC,5852.842809364549,14.169184565714284
2019-12-01 00:00:00,77747.03,719.51,21,SC Energy & Water,SC,5852.842809364549,13.28363541142857
2020-01-01 00:00:00,23661.14,637.45,21,SC Energy & Water,SC,5852.842809364549,4.042674777142857
2020-02-01 00:00:00,44222.79,289.73,20,SC Energy & Water,SC,5852.842809364549,7.5557795485714285
2020-03-01 00:00:00,35224.53,282.11,22,SC Energy & Water,SC,5852.842809364549,6.018362554285714
2020-04-01 00:00:00,31727.71,250.57,21,SC Energy & Water,SC,5852.842809364549,5.420905879999999
2020-05-01 00:00:00,43303.45,522.5,18,SC Energy & Water,SC,5852.842809364549,7.398703742857142
2020-06-01 00:00:00,43890.17,242.39,22,SC Energy & Water,SC,5852.842809364549,7.498949045714285
2020-07-01 00:00:00,22211.16,306.54,22,SC Energy & Water,SC,5852.842809364549,3.794935337142857
2020-08-01 00:00:00,45858.87,499.25,20,SC Energy & Water,SC,5852.842809364549,7.835315502857143
2020-09-01 00:00:00,22423.76,611.01,22,SC Energy & Water,SC,5852.842809364549,3.8312595657142854
2020-10-01 00:00:00,33159.82,466.89,22,SC Energy & Water,SC,5852.842809364549,5.6655921028571425
2020-11-01 00:00:00,41319.4,275.32,20,SC Energy & Water,SC,5852.842809364549,7.059714628571428
2020-12-01 00:00:00,44803.19,567.45,22,SC Energy & Water,SC,5852.842809364549,7.654945034285714
2021-01-01 00:00:00,38700.95,431.25,20,SC Energy & Water,SC,5852.842809364549,6.612333742857142
2021-02-01 00:00:00,38923.45,429.59,18,SC Energy & Water,SC,5852.842809364549,6.650349457142856
2021-03-01 00:00:00,37402.0,452.69,23,SC Energy & Water,SC,5852.842809364549,6.3903988571428565
2021-04-01 00:00:00,35756.63,315.73,21,SC Energy & Water,SC,5852.842809364549,6.109275639999999
2021-05-01 00:00:00,40651.78,434.66,18,SC Energy & Water,SC,5852.842809364549,6.945646982857142
2021-06-01 00:00:00,31534.85,373.6,22,SC Energy & Water,SC,5852.842809364549,5.387954371428571
2021-07-01 00:00:00,32562.55,416.85,21,SC Energy & Water,SC,5852.842809364549,5.563544257142857
2021-08-01 00:00:00,35789.31,323.93,21,SC Energy & Water,SC,5852.842809364549,6.1148592514285705
2021-09-01 00:00:00,39890.79,469.16,22,SC Energy & Water,SC,5852.842809364549,6.815626405714285
2021-10-01 00:00:00,39394.52,429.82,21,SC Energy & Water,SC,5852.842809364549,6.73083513142857
2021-11-01 00:00:00,37399.3,376.12,21,SC Energy & Water,SC,5852.842809364549,6.389937542857143
2021-12-01 00:00:00,38968.52,360.34,22,SC Energy & Water,SC,5852.842809364549,6.6580499885714275
2022-01-01 00:00:00,41099.24,535.52,20,SC Energy & Water,SC,5852.842809364549,7.022098719999999
2022-02-01 00:00:00,45229.12,545.93,18,SC Energy & Water,SC,5852.842809364549,7.727718217142857
2022-03-01 00:00:00,38361.58,706.9,23,SC Energy & Water,SC,5852.842809364549,6.554349954285714
2022-04-01 00:00:00,27743.29,649.66,20,SC Energy & Water,SC,5852.842809364549,4.740139262857142
2022-05-01 00:00:00,35203.89,693.55,19,SC Energy & Water,SC,5852.842809364549,6.0148360628571425
2022-06-01 00:00:00,32355.73,555.18,22,SC Energy & Water,SC,5852.842809364549,5.528207582857142
2022-07-01 00:00:00,37554.0,701.02,20,SC Energy & Water,SC,5852.842809364549,6.4163691428571425
2022-08-01 00:00:00,31690.7,598.02,22,SC Energy & Water,SC,5852.842809364549,5.414582457142857
2022-09-01 00:00:00,38925.23,385.39,22,SC Energy & Water,SC,5852.842809364549,6.650653582857143
2022-10-01 00:00:00,33723.11,677.79,20,SC Energy & Water,SC,5852.842809364549,5.761834222857143
2022-11-01 00:00:00,27290.81,486.33,22,SC Energy & Water,SC,5852.842809364549,4.662829822857143
2022-12-01 00:00:00,32269.15,524.36,21,SC Energy & Water,SC,5852.842809364549,5.513414771428572
2023-01-01 00:00:00,39787.26,547.39,19,SC Energy & Water,SC,5852.842809364549,6.797937565714285
2023-02-01 00:00:00,38513.34,309.63,20,SC Energy & Water,SC,5852.842809364549,6.5802792342857135
2023-03-01 00:00:00,37651.93,444.97,23,SC Energy & Water,SC,5852.842809364549,6.4331011828571425
2023-04-01 00:00:00,45032.65,456.92,18,SC Energy & Water,SC,5852.842809364549,7.694149914285714
2023-05-01 00:00:00,39232.87,480.45,22,SC Energy & Water,SC,5852.842809364549,6.703216074285714
2023-06-01 00:00:00,34680.87,618.69,20,SC Energy & Water,SC,5852.842809364549,5.92547436
2023-07-01 00:00:00,38499.93,481.63,21,SC Energy & Water,SC,5852.842809364549,6.577988039999999
2023-08-01 00:00:00,30095.49,402.1,22,SC Energy & Water,SC,5852.842809364549,5.142029434285714
2023-09-01 00:00:00,37078.99,745.87,21,SC Energy & Water,SC,5852.842809364549,6.335210291428571
2023-10-01 00:00:00,41524.81,516.57,22,SC Energy & Water,SC,5852.842809364549,7.094810394285713
2023-11-01 00:00:00,31167.55,514.58,21,SC Energy & Water,SC,5852.842809364549,5.325198542857143
2023-12-01 00:00:00,36639.41,496.23,20,SC Energy & Water,SC,5852.842809364549,6.260104908571429
2024-01-01 00:00:00,84827.11,598.04,22,SC Energy & Water,SC,5852.842809364549,14.49331765142857
2024-02-01 00:00:00,89700.13,583.75,20,SC Energy & Water,SC,5852.842809364549,15.325907925714285
2024-03-01 00:00:00,87604.11484,536.1832397,20,SC Energy & Water,SC,5852.842809364549,14.967788764091427
2024-04-01 00:00:00,87604.11484,532.6488098,21,SC Energy & Water,SC,5852.842809364549,14.967788764091427
2024-05-01 00:00:00,86831.25,532.6488098,21,SC Energy & Water,SC,5852.842809364549,14.835739285714284
2024-06-01 00:00:00,88145.11641,514.9762695,19,SC Energy & Water,SC,5852.842809364549,15.060222746622857
2024-07-01 00:00:00,88376.97656,552.0884094,23,SC Energy & Water,SC,5852.842809364549,15.099837709394285
2024-08-01 00:00:00,89265.75781,518.5108704,21,SC Energy & Water,SC,5852.842809364549,15.251692334394283
2024-09-01 00:00:00,87256.32109,511.4417755,21,SC Energy & Water,SC,5852.842809364549,14.908365717662855
2024-10-01 00:00:00,87101.76719,484.2263489,22,SC Energy & Water,SC,5852.842809364549,14.881959079891427
2024-11-01 00:00:00,88106.49219,501.1918976,21,SC Energy & Water,SC,5852.842809364549,15.053623522748572
2024-12-01 00:00:00,87720.03906,461.9586395,21,SC Energy & Water,SC,5852.842809364549,14.98759524510857
2018-01-01 00:00:00,708256.52,7847.58,22,SLT Energy & Water,SLT,58063.916759568936,12.197877090048
2018-02-01 00:00:00,648842.2,8052.39,18,SLT Energy & Water,SLT,58063.916759568936,11.174619905279998
2018-03-01 00:00:00,731660.39,6836.6,21,SLT Energy & Water,SLT,58063.916759568936,12.600947900736
2018-04-01 00:00:00,748107.06,8078.55,21,SLT Energy & Water,SLT,58063.916759568936,12.884199030144
2018-05-01 00:00:00,751733.23,7950.31,21,SLT Energy & Water,SLT,58063.916759568936,12.946650380351999
2018-06-01 00:00:00,631868.25,7507.4,20,SLT Energy & Water,SLT,58063.916759568936,10.8822877488
2018-07-01 00:00:00,683732.65,6998.12,22,SLT Energy & Water,SLT,58063.916759568936,11.77551719136
2018-08-01 00:00:00,658229.73,7029.94,21,SLT Energy & Water,SLT,58063.916759568936,11.336295701951999
2018-09-01 00:00:00,619581.83,7192.35,20,SLT Energy & Water,SLT,58063.916759568936,10.670686108992
2018-10-01 00:00:00,643620.25,7856.94,23,SLT Energy & Water,SLT,58063.916759568936,11.0846853936
2018-11-01 00:00:00,646292.11,7032.62,21,SLT Energy & Water,SLT,58063.916759568936,11.130701235263999
2018-12-01 00:00:00,619489.93,7122.45,20,SLT Energy & Water,SLT,58063.916759568936,10.669103370432001
2019-01-01 00:00:00,718935.11,6918.16,22,SLT Energy & Water,SLT,58063.916759568936,12.381788038463998
2019-02-01 00:00:00,664923.98,8495.08,18,SLT Energy & Water,SLT,58063.916759568936,11.451586753151998
2019-03-01 00:00:00,680587.86,7867.44,21,SLT Energy & Water,SLT,58063.916759568936,11.721356360064
2019-04-01 00:00:00,681925.05,7816.99,21,SLT Energy & Water,SLT,58063.916759568936,11.74438598112
2019-05-01 00:00:00,752969.33,8457.19,21,SLT Energy & Water,SLT,58063.916759568936,12.967938988992
2019-06-01 00:00:00,742629.65,8122.67,19,SLT Energy & Water,SLT,58063.916759568936,12.78986488416
2019-07-01 00:00:00,737879.87,8465.07,23,SLT Energy & Water,SLT,58063.916759568936,12.708062273088
2019-08-01 00:00:00,705486.75,8320.8,20,SLT Energy & Water,SLT,58063.916759568936,12.1501750032
2019-09-01 00:00:00,686386.64,7258.54,21,SLT Energy & Water,SLT,58063.916759568936,11.821225268735999
2019-10-01 00:00:00,728842.43,7624.61,22,SLT Energy & Water,SLT,58063.916759568936,12.552415866432
2019-11-01 00:00:00,682069.37,8121.17,21,SLT Energy & Water,SLT,58063.916759568936,11.746871517888
2019-12-01 00:00:00,748223.69,7610.97,21,SLT Energy & Water,SLT,58063.916759568936,12.886207678655998
2020-01-01 00:00:00,613528.55,5882.01,21,SLT Energy & Water,SLT,58063.916759568936,10.56643409952
2020-02-01 00:00:00,613343.1,4067.81,20,SLT Energy & Water,SLT,58063.916759568936,10.56324020544
2020-03-01 00:00:00,574180.88,5117.6,22,SLT Energy & Water,SLT,58063.916759568936,9.888772787712
2020-04-01 00:00:00,602269.2,4775.09,21,SLT Energy & Water,SLT,58063.916759568936,10.37252107008
2020-05-01 00:00:00,612608.58,6098.42,18,SLT Energy & Water,SLT,58063.916759568936,10.550590008192
2020-06-01 00:00:00,634749.24,4497.49,22,SLT Energy & Water,SLT,58063.916759568936,10.931905310976
2020-07-01 00:00:00,572665.45,5311.49,22,SLT Energy & Water,SLT,58063.916759568936,9.862673446079999
2020-08-01 00:00:00,621479.54,5465.73,20,SLT Energy & Water,SLT,58063.916759568936,10.703369229696
2020-09-01 00:00:00,657027.28,7117.84,22,SLT Energy & Water,SLT,58063.916759568936,11.315586627072
2020-10-01 00:00:00,607198.71,5072.25,22,SLT Energy & Water,SLT,58063.916759568936,10.457419063103998
2020-11-01 00:00:00,604314.96,5077.22,20,SLT Energy & Water,SLT,58063.916759568936,10.407753967103998
2020-12-01 00:00:00,581192.35,5373.57,22,SLT Energy & Water,SLT,58063.916759568936,10.009527128639998
2021-01-01 00:00:00,636733.98,3560.58,20,SLT Energy & Water,SLT,58063.916759568936,10.966087297151999
2021-02-01 00:00:00,696785.24,4737.18,18,SLT Energy & Water,SLT,58063.916759568936,12.000314117376
2021-03-01 00:00:00,521519.59,3924.2,23,SLT Energy & Water,SLT,58063.916759568936,8.981818986816
2021-04-01 00:00:00,579564.25,5070.18,21,SLT Energy & Water,SLT,58063.916759568936,9.9814873392
2021-05-01 00:00:00,623612.68,3608.92,18,SLT Energy & Water,SLT,58063.916759568936,10.740107020032001
2021-06-01 00:00:00,657061.2,3664.02,22,SLT Energy & Water,SLT,58063.916759568936,11.31617081088
2021-07-01 00:00:00,692979.04,4254.09,21,SLT Energy & Water,SLT,58063.916759568936,11.934762218496001
2021-08-01 00:00:00,562251.07,4621.63,21,SLT Energy & Water,SLT,58063.916759568936,9.683312827967999
2021-09-01 00:00:00,665877.28,4395.44,22,SLT Energy & Water,SLT,58063.916759568936,11.468004867072
2021-10-01 00:00:00,599439.29,5259.12,21,SLT Energy & Water,SLT,58063.916759568936,10.323783228096
2021-11-01 00:00:00,672854.9,3487.85,21,SLT Energy & Water,SLT,58063.916759568936,11.58817622976
2021-12-01 00:00:00,602856.42,4424.55,22,SLT Energy & Water,SLT,58063.916759568936,10.382634407808
2022-01-01 00:00:00,606543.1,4854.83,20,SLT Energy & Water,SLT,58063.916759568936,10.44612788544
2022-02-01 00:00:00,500951.73,4092.12,18,SLT Energy & Water,SLT,58063.916759568936,8.627591074751999
2022-03-01 00:00:00,530755.38,3358.04,23,SLT Energy & Water,SLT,58063.916759568936,9.140881456512
2022-04-01 00:00:00,553646.97,3939.31,20,SLT Energy & Water,SLT,58063.916759568936,9.535129576128
2022-05-01 00:00:00,577631.64,3592.62,19,SLT Energy & Water,SLT,58063.916759568936,9.948203156736
2022-06-01 00:00:00,569669.51,4037.52,22,SLT Energy & Water,SLT,58063.916759568936,9.811076169024
2022-07-01 00:00:00,501149.87,3499.56,20,SLT Energy & Water,SLT,58063.916759568936,8.631003521088
2022-08-01 00:00:00,523712.1,4456.38,22,SLT Energy & Water,SLT,58063.916759568936,9.01957927104
2022-09-01 00:00:00,482257.4,3895.96,22,SLT Energy & Water,SLT,58063.916759568936,8.30562984576
2022-10-01 00:00:00,548014.31,4531.72,20,SLT Energy & Water,SLT,58063.916759568936,9.438121652544
2022-11-01 00:00:00,525938.24,4220.18,22,SLT Energy & Water,SLT,58063.916759568936,9.057918744576
2022-12-01 00:00:00,582218.18,3458.55,21,SLT Energy & Water,SLT,58063.916759568936,10.027194383232
2023-01-01 00:00:00,851052.91,9019.28,19,SLT Energy & Water,SLT,58063.916759568936,14.657173637184
2023-02-01 00:00:00,821386.27,10907.4,20,SLT Energy & Water,SLT,58063.916759568936,14.146242896448
2023-03-01 00:00:00,817194.52,3752.68,23,SLT Energy & Water,SLT,58063.916759568936,14.074050901248
2023-04-01 00:00:00,710162.11,5733.81,18,SLT Energy & Water,SLT,58063.916759568936,12.230695923264
2023-05-01 00:00:00,715905.59,4399.25,22,SLT Energy & Water,SLT,58063.916759568936,12.329612433215999
2023-06-01 00:00:00,824725.6,4218.26,20,SLT Energy & Water,SLT,58063.916759568936,14.203754173439998
2023-07-01 00:00:00,780034.72,12687.49,21,SLT Energy & Water,SLT,58063.916759568936,13.434069961728
2023-08-01 00:00:00,829009.43,11574.07,22,SLT Energy & Water,SLT,58063.916759568936,14.277532007232
2023-09-01 00:00:00,786593.31,10877.7,21,SLT Energy & Water,SLT,58063.916759568936,13.547024622144
2023-10-01 00:00:00,764573.91,5352.57,22,SLT Energy & Water,SLT,58063.916759568936,13.167797707584
2023-11-01 00:00:00,817297.23,9591.19,21,SLT Energy & Water,SLT,58063.916759568936,14.075819813951998
2023-12-01 00:00:00,857469.4,6560.36,20,SLT Energy & Water,SLT,58063.916759568936,14.76768099456
2024-01-01 00:00:00,796486.375,5256.790576,22,SLT Energy & Water,SLT,58063.916759568936,13.717406944799999
2024-02-01 00:00:00,785247.4938,5465.890332,20,SLT Energy & Water,SLT,58063.916759568936,13.52384643722112
2024-03-01 00:00:00,743224.3813,5064.418262,20,SLT Energy & Water,SLT,58063.916759568936,12.80010758450112
2024-04-01 00:00:00,737849.375,5273.517529,21,SLT Energy & Water,SLT,58063.916759568936,12.707537076
2024-05-01 00:00:00,726610.5375,4909.684814,21,SLT Energy & Water,SLT,58063.916759568936,12.513977321039999
2024-06-01 00:00:00,720257.9688,5302.793799,19,SLT Energy & Water,SLT,58063.916759568936,12.40457084186112
2024-07-01 00:00:00,727098.9813,5578.806396,23,SLT Energy & Water,SLT,58063.916759568936,12.52238949554112
2024-08-01 00:00:00,700712.3438,5173.150439,21,SLT Energy & Water,SLT,58063.916759568936,12.06794826986112
2024-09-01 00:00:00,724167.1375,4817.677832,21,SLT Energy & Water,SLT,58063.916759568936,12.47189610888
2024-10-01 00:00:00,694360.1938,5210.786621,22,SLT Energy & Water,SLT,58063.916759568936,11.958549001701119
2024-11-01 00:00:00,688985.25,4980.778125,21,SLT Energy & Water,SLT,58063.916759568936,11.8659795696
2024-12-01 00:00:00,667973.6,4989.142139,21,SLT Energy & Water,SLT,58063.916759568936,11.50410852864
2018-01-01 00:00:00,349104.7,2318.18,22,UIC Energy & Water,UIC,26012.634708286885,13.42058211
2018-02-01 00:00:00,249207.27,2089.66,18,UIC Energy & Water,UIC,26012.634708286885,9.580239479571427
2018-03-01 00:00:00,225048.63,3449.87,21,UIC Energy & Water,UIC,26012.634708286885,8.651512333285714
2018-04-01 00:00:00,335615.23,2090.17,21,UIC Energy & Water,UIC,26012.634708286885,12.90200834185714
2018-05-01 00:00:00,135585.85,1707.1,21,UIC Energy & Water,UIC,26012.634708286885,5.2123074621428565
2018-06-01 00:00:00,341263.38,1761.65,20,UIC Energy & Water,UIC,26012.634708286885,13.11913936542857
2018-07-01 00:00:00,378769.87,1805.21,22,UIC Energy & Water,UIC,26012.634708286885,14.560996002428569
2018-08-01 00:00:00,320068.98,2827.56,21,UIC Energy & Water,UIC,26012.634708286885,12.304366073999997
2018-09-01 00:00:00,220024.53,2488.3,20,UIC Energy & Water,UIC,26012.634708286885,8.458371574714285
2018-10-01 00:00:00,156732.29,1971.35,23,UIC Energy & Water,UIC,26012.634708286885,6.025237034142857
2018-11-01 00:00:00,273175.38,1955.94,21,UIC Energy & Water,UIC,26012.634708286885,10.501642108285713
2018-12-01 00:00:00,368820.16,2151.41,20,UIC Energy & Water,UIC,26012.634708286885,14.178500722285712
2019-01-01 00:00:00,395115.13,3590.44,22,UIC Energy & Water,UIC,26012.634708286885,15.189354497571427
2019-02-01 00:00:00,399344.31,1922.57,18,UIC Energy & Water,UIC,26012.634708286885,15.351936260142855
2019-03-01 00:00:00,343699.42,5703.2,21,UIC Energy & Water,UIC,26012.634708286885,13.212787703142855
2019-04-01 00:00:00,362542.51,5177.7,21,UIC Energy & Water,UIC,26012.634708286885,13.937169920142855
2019-05-01 00:00:00,395719.66,5948.97,21,UIC Energy & Water,UIC,26012.634708286885,15.212594357999997
2019-06-01 00:00:00,378242.7,3078.67,19,UIC Energy & Water,UIC,26012.634708286885,14.54073008142857
2019-07-01 00:00:00,382733.79,2253.02,23,UIC Energy & Water,UIC,26012.634708286885,14.713380412714283
2019-08-01 00:00:00,395256.13,4829.0,20,UIC Energy & Water,UIC,26012.634708286885,15.19477494042857
2019-09-01 00:00:00,362279.27,2453.63,21,UIC Energy & Water,UIC,26012.634708286885,13.927050222428571
2019-10-01 00:00:00,361613.87,5379.99,22,UIC Energy & Water,UIC,26012.634708286885,13.901470345285713
2019-11-01 00:00:00,345820.34,2178.84,21,UIC Energy & Water,UIC,26012.634708286885,13.294321927714286
2019-12-01 00:00:00,375775.24,5735.78,21,UIC Energy & Water,UIC,26012.634708286885,14.445873869142854
2020-01-01 00:00:00,366823.24,1979.13,21,UIC Energy & Water,UIC,26012.634708286885,14.101733411999998
2020-02-01 00:00:00,379009.74,1754.07,20,UIC Energy & Water,UIC,26012.634708286885,14.570217290571426
2020-03-01 00:00:00,328036.58,1894.28,22,UIC Energy & Water,UIC,26012.634708286885,12.610663382571428
2020-04-01 00:00:00,321903.28,1171.4,21,UIC Energy & Water,UIC,26012.634708286885,12.374881806857143
2020-05-01 00:00:00,322635.28,2076.04,18,UIC Energy & Water,UIC,26012.634708286885,12.403021978285715
2020-06-01 00:00:00,330691.12,2090.88,22,UIC Energy & Water,UIC,26012.634708286885,12.712711484571427
2020-07-01 00:00:00,333068.76,2010.89,22,UIC Energy & Water,UIC,26012.634708286885,12.80411475942857
2020-08-01 00:00:00,377481.42,1308.54,20,UIC Energy & Water,UIC,26012.634708286885,14.511464303142855
2020-09-01 00:00:00,344515.97,1301.64,22,UIC Energy & Water,UIC,26012.634708286885,13.244178218142855
2020-10-01 00:00:00,361757.46,1847.17,22,UIC Energy & Water,UIC,26012.634708286885,13.906990355142856
2020-11-01 00:00:00,369709.74,1731.31,20,UIC Energy & Water,UIC,26012.634708286885,14.212698719142855
2020-12-01 00:00:00,358402.68,1343.26,22,UIC Energy & Water,UIC,26012.634708286885,13.778023026857142
2021-01-01 00:00:00,393963.82,2022.91,20,UIC Energy & Water,UIC,26012.634708286885,15.145094851714285
2021-02-01 00:00:00,354648.34,1643.88,18,UIC Energy & Water,UIC,26012.634708286885,13.633695470571428
2021-03-01 00:00:00,398329.17,1330.88,23,UIC Energy & Water,UIC,26012.634708286885,15.312911378142855
2021-04-01 00:00:00,365058.42,1853.96,21,UIC Energy & Water,UIC,26012.634708286885,14.033888688857141
2021-05-01 00:00:00,350029.69,1909.86,18,UIC Energy & Water,UIC,26012.634708286885,13.45614136842857
2021-06-01 00:00:00,382283.44,1177.0,22,UIC Energy & Water,UIC,26012.634708286885,14.696067671999998
2021-07-01 00:00:00,371356.95,1619.29,21,UIC Energy & Water,UIC,26012.634708286885,14.276022177857142
2021-08-01 00:00:00,362142.81,1415.6,21,UIC Energy & Water,UIC,26012.634708286885,13.921804310142855
2021-09-01 00:00:00,375090.21,1882.65,22,UIC Energy & Water,UIC,26012.634708286885,14.419539358714285
2021-10-01 00:00:00,370659.85,1660.52,21,UIC Energy & Water,UIC,26012.634708286885,14.249223662142855
2021-11-01 00:00:00,376495.21,1602.87,21,UIC Energy & Water,UIC,26012.634708286885,14.473551573
2021-12-01 00:00:00,372994.78,1799.19,22,UIC Energy & Water,UIC,26012.634708286885,14.338985042571428
2022-01-01 00:00:00,372928.82,2674.54,20,UIC Energy & Water,UIC,26012.634708286885,14.336449351714284
2022-02-01 00:00:00,352669.36,3399.62,18,UIC Energy & Water,UIC,26012.634708286885,13.557617825142856
2022-03-01 00:00:00,339686.98,2268.04,23,UIC Energy & Water,UIC,26012.634708286885,13.05853804542857
2022-04-01 00:00:00,381665.38,2917.65,20,UIC Energy & Water,UIC,26012.634708286885,14.672307679714285
2022-05-01 00:00:00,342841.28,2214.94,19,UIC Energy & Water,UIC,26012.634708286885,13.179798349714286
2022-06-01 00:00:00,341277.39,1790.29,22,UIC Energy & Water,UIC,26012.634708286885,13.119677949857142
2022-07-01 00:00:00,338149.27,3103.62,20,UIC Energy & Water,UIC,26012.634708286885,12.999424079571428
2022-08-01 00:00:00,333949.73,2956.77,22,UIC Energy & Water,UIC,26012.634708286885,12.837981763285713
2022-09-01 00:00:00,377863.66,2326.66,22,UIC Energy & Water,UIC,26012.634708286885,14.52615870085714
2022-10-01 00:00:00,348977.9,1610.59,20,UIC Energy & Water,UIC,26012.634708286885,13.415707555714285
2022-11-01 00:00:00,349888.62,2848.31,22,UIC Energy & Water,UIC,26012.634708286885,13.450718234571427
2022-12-01 00:00:00,327651.57,1617.76,21,UIC Energy & Water,UIC,26012.634708286885,12.595862498142855
2023-01-01 00:00:00,409767.95,4673.88,19,UIC Energy & Water,UIC,26012.634708286885,15.752650763571427
2023-02-01 00:00:00,405355.18,2184.72,20,UIC Energy & Water,UIC,26012.634708286885,15.58301127685714
2023-03-01 00:00:00,355788.35,5179.76,23,UIC Energy & Water,UIC,26012.634708286885,13.677520712142854
2023-04-01 00:00:00,320406.97,2816.03,18,UIC Energy & Water,UIC,26012.634708286885,12.317359375285712
2023-05-01 00:00:00,367698.2,1720.91,22,UIC Energy & Water,UIC,26012.634708286885,14.135369374285712
2023-06-01 00:00:00,385853.96,3162.34,20,UIC Energy & Water,UIC,26012.634708286885,14.833328662285714
2023-07-01 00:00:00,377563.31,3298.86,21,UIC Energy & Water,UIC,26012.634708286885,14.514612388714283
2023-08-01 00:00:00,409813.72,2689.61,22,UIC Energy & Water,UIC,26012.634708286885,15.754410293142854
2023-09-01 00:00:00,390772.78,1760.32,21,UIC Energy & Water,UIC,26012.634708286885,15.022422156857143
2023-10-01 00:00:00,348992.35,1848.6,22,UIC Energy & Water,UIC,26012.634708286885,13.416263054999998
2023-11-01 00:00:00,354359.13,2139.78,21,UIC Energy & Water,UIC,26012.634708286885,13.622577411857142
2023-12-01 00:00:00,366800.62,3249.63,20,UIC Energy & Water,UIC,26012.634708286885,14.100863834571427
2024-01-01 00:00:00,389207.5188,3834.09082,22,UIC Energy & Water,UIC,26012.634708286885,14.962249044154285
2024-02-01 00:00:00,382857.5031,3787.06897,20,UIC Energy & Water,UIC,26012.634708286885,14.718136297744284
2024-03-01 00:00:00,372538.4906,3691.215308,20,UIC Energy & Water,UIC,26012.634708286885,14.321443974351428
2024-04-01 00:00:00,367776.125,3613.44873,21,UIC Energy & Water,UIC,26012.634708286885,14.13836503392857
2024-05-01 00:00:00,370686.5094,3656.853955,21,UIC Energy & Water,UIC,26012.634708286885,14.25024852564857
2024-06-01 00:00:00,366982.3063,3693.024609,19,UIC Energy & Water,UIC,26012.634708286885,14.10784837504714
2024-07-01 00:00:00,377565.775,3503.127539,23,UIC Energy & Water,UIC,26012.634708286885,14.514707150357141
2024-08-01 00:00:00,366982.3063,3490.46875,21,UIC Energy & Water,UIC,26012.634708286885,14.10784837504714
2024-09-01 00:00:00,360896.8594,3398.232813,21,UIC Energy & Water,UIC,26012.634708286885,13.873906409219998
2024-10-01 00:00:00,368834.2875,3485.042749,22,UIC Energy & Water,UIC,26012.634708286885,14.179043823749998
2024-11-01 00:00:00,362748.8406,3479.617554,21,UIC Energy & Water,UIC,26012.634708286885,13.945101857922856
2024-12-01 00:00:00,365659.2469,3418.127441,21,UIC Energy & Water,UIC,26012.634708286885,14.056986191541428
2018-01-01 00:00:00,1258580.04,8281.36,22,GWY Energy & Water,GWY,78966.92679301376,15.938065353599999
2018-02-01 00:00:00,1110200.06,9072.06,18,GWY Energy & Water,GWY,78966.92679301376,14.05905111275294
2018-03-01 00:00:00,1167778.09,8250.63,21,GWY Energy & Water,GWY,78966.92679301376,14.788192189129411
2018-04-01 00:00:00,1123155.81,8322.24,21,GWY Energy & Water,GWY,78966.92679301376,14.223116633929411
2018-05-01 00:00:00,1198935.56,8768.8,21,GWY Energy & Water,GWY,78966.92679301376,15.182755726870587
2018-06-01 00:00:00,1343253.61,9361.45,20,GWY Energy & Water,GWY,78966.92679301376,17.01033159769412
2018-07-01 00:00:00,1368594.29,8514.77,22,GWY Energy & Water,GWY,78966.92679301376,17.331234044188236
2018-08-01 00:00:00,1251656.56,9103.15,21,GWY Energy & Water,GWY,78966.92679301376,15.850389660988235
2018-09-01 00:00:00,1283085.68,8980.96,20,GWY Energy & Water,GWY,78966.92679301376,16.248393246494114
2018-10-01 00:00:00,1330273.91,8181.17,23,GWY Energy & Water,GWY,78966.92679301376,16.84596278498823
2018-11-01 00:00:00,1259391.5,7996.72,21,GWY Energy & Water,GWY,78966.92679301376,15.94834130117647
2018-12-01 00:00:00,1259513.17,8610.04,20,GWY Energy & Water,GWY,78966.92679301376,15.949882072799998
2019-01-01 00:00:00,1197718.51,9133.23,22,GWY Energy & Water,GWY,78966.92679301376,15.167343578399999
2019-02-01 00:00:00,1333368.17,9920.23,18,GWY Energy & Water,GWY,78966.92679301376,16.88514703750588
2019-03-01 00:00:00,1110450.3,11601.72,21,GWY Energy & Water,GWY,78966.92679301376,14.06222003435294
2019-04-01 00:00:00,1134861.77,9803.12,21,GWY Energy & Water,GWY,78966.92679301376,14.371355402682351
2019-05-01 00:00:00,1191378.16,11067.37,21,GWY Energy & Water,GWY,78966.92679301376,15.087052369694115
2019-06-01 00:00:00,1221714.27,11088.75,19,GWY Energy & Water,GWY,78966.92679301376,15.471214590917645
2019-07-01 00:00:00,1334219.39,9895.79,23,GWY Energy & Water,GWY,78966.92679301376,16.89592648701176
2019-08-01 00:00:00,1203618.48,9833.09,20,GWY Energy & Water,GWY,78966.92679301376,15.242058022023528
2019-09-01 00:00:00,1121200.26,10658.31,21,GWY Energy & Water,GWY,78966.92679301376,14.198352468988235
2019-10-01 00:00:00,1129195.49,9194.42,22,GWY Energy & Water,GWY,78966.92679301376,14.299600299247057
2019-11-01 00:00:00,1123545.04,10649.58,21,GWY Energy & Water,GWY,78966.92679301376,14.228045659482351
2019-12-01 00:00:00,1266688.96,10224.41,21,GWY Energy & Water,GWY,78966.92679301376,16.040752900517646
2020-01-01 00:00:00,1342506.14,8233.54,21,GWY Energy & Water,GWY,78966.92679301376,17.0008659893647
2020-02-01 00:00:00,1292625.65,7201.38,20,GWY Energy & Water,GWY,78966.92679301376,16.369202937176468
2020-03-01 00:00:00,1071110.99,10290.24,22,GWY Energy & Water,GWY,78966.92679301376,13.56404552512941
2020-04-01 00:00:00,1248145.62,8178.36,21,GWY Energy & Water,GWY,78966.92679301376,15.805928769035294
2020-05-01 00:00:00,1219648.04,7243.65,18,GWY Energy & Water,GWY,78966.92679301376,15.445048826541175
2020-06-01 00:00:00,1136410.66,9095.06,22,GWY Energy & Water,GWY,78966.92679301376,14.39096981675294
2020-07-01 00:00:00,1077299.65,8343.2,22,GWY Energy & Water,GWY,78966.92679301376,13.642415803058821
2020-08-01 00:00:00,1047919.93,8707.52,20,GWY Energy & Water,GWY,78966.92679301376,13.270364854729412
2020-09-01 00:00:00,1255163.41,7379.33,22,GWY Energy & Water,GWY,78966.92679301376,15.89479875910588
2020-10-01 00:00:00,1256102.71,10145.37,22,GWY Energy & Water,GWY,78966.92679301376,15.906693612282352
2020-11-01 00:00:00,1339846.94,8592.55,20,GWY Energy & Water,GWY,78966.92679301376,16.967191131952937
2020-12-01 00:00:00,1318856.55,9150.07,22,GWY Energy & Water,GWY,78966.92679301376,16.70137871082353
2021-01-01 00:00:00,1142404.6,7082.53,20,GWY Energy & Water,GWY,78966.92679301376,14.466874252235295
2021-02-01 00:00:00,1264308.82,7177.89,18,GWY Energy & Water,GWY,78966.92679301376,16.01061192762353
2021-03-01 00:00:00,1178840.04,7504.0,23,GWY Energy & Water,GWY,78966.92679301376,14.928275518305881
2021-04-01 00:00:00,1099911.58,6536.32,21,GWY Energy & Water,GWY,78966.92679301376,13.928762643670588
2021-05-01 00:00:00,1058014.88,7594.04,18,GWY Energy & Water,GWY,78966.92679301376,13.398202550964703
2021-06-01 00:00:00,1034126.23,6448.32,22,GWY Energy & Water,GWY,78966.92679301376,13.095687929082352
2021-07-01 00:00:00,1248831.24,7064.31,21,GWY Energy & Water,GWY,78966.92679301376,15.814611138070587
2021-08-01 00:00:00,1166772.92,7670.06,21,GWY Energy & Water,GWY,78966.92679301376,14.775463189270585
2021-09-01 00:00:00,1095595.37,7256.1,22,GWY Energy & Water,GWY,78966.92679301376,13.874104191388236
2021-10-01 00:00:00,1251495.82,5804.64,21,GWY Energy & Water,GWY,78966.92679301376,15.848354125270587
2021-11-01 00:00:00,1095850.05,6572.54,21,GWY Energy & Water,GWY,78966.92679301376,13.877329339058823
2021-12-01 00:00:00,1265406.03,6734.43,22,GWY Energy & Water,GWY,78966.92679301376,16.02450647872941
2022-01-01 00:00:00,1063281.17,8965.07,20,GWY Energy & Water,GWY,78966.92679301376,13.464892369270586
2022-02-01 00:00:00,1232733.04,9220.06,18,GWY Energy & Water,GWY,78966.92679301376,15.610751108894117
2022-03-01 00:00:00,1370514.23,8578.48,23,GWY Energy & Water,GWY,78966.92679301376,17.355547260847057
2022-04-01 00:00:00,1176117.96,7037.84,20,GWY Energy & Water,GWY,78966.92679301376,14.893804378164704
2022-05-01 00:00:00,1120094.4,7303.56,19,GWY Energy & Water,GWY,78966.92679301376,14.184348378352938
2022-06-01 00:00:00,1370086.12,8468.78,22,GWY Energy & Water,GWY,78966.92679301376,17.35012587727059
2022-07-01 00:00:00,1326609.09,9180.55,20,GWY Energy & Water,GWY,78966.92679301376,16.799553229129412
2022-08-01 00:00:00,1164093.82,6966.58,22,GWY Energy & Water,GWY,78966.92679301376,14.741536327623528
2022-09-01 00:00:00,1111197.5,6933.4,22,GWY Energy & Water,GWY,78966.92679301376,14.071682223529411
2022-10-01 00:00:00,1212970.65,6739.0,20,GWY Energy & Water,GWY,78966.92679301376,15.36048950188235
2022-11-01 00:00:00,1375027.93,6890.98,22,GWY Energy & Water,GWY,78966.92679301376,17.41270663355294
2022-12-01 00:00:00,1110482.47,8622.36,21,GWY Energy & Water,GWY,78966.92679301376,14.062627420094115
2023-01-01 00:00:00,729388.07,6411.16,19,GWY Energy & Water,GWY,78966.92679301376,9.236627277035293
2023-02-01 00:00:00,1143132.34,8316.54,20,GWY Energy & Water,GWY,78966.92679301376,14.476090009129411
2023-03-01 00:00:00,761955.24,9439.39,23,GWY Energy & Water,GWY,78966.92679301376,9.649042592188234
2023-04-01 00:00:00,1012585.96,8263.95,18,GWY Energy & Water,GWY,78966.92679301376,12.822912086399999
2023-05-01 00:00:00,1150698.52,7248.33,22,GWY Energy & Water,GWY,78966.92679301376,14.571904552094116
2023-06-01 00:00:00,896032.91,9650.74,20,GWY Energy & Water,GWY,78966.92679301376,11.346939109694118
2023-07-01 00:00:00,1118408.88,7414.35,21,GWY Energy & Water,GWY,78966.92679301376,14.16300374625882
2023-08-01 00:00:00,950285.76,9471.91,22,GWY Energy & Water,GWY,78966.92679301376,12.033971671341176
2023-09-01 00:00:00,978125.54,7292.59,21,GWY Energy & Water,GWY,78966.92679301376,12.386521544188234
2023-10-01 00:00:00,692319.65,6505.79,22,GWY Energy & Water,GWY,78966.92679301376,8.767210250117646
2023-11-01 00:00:00,934950.14,9434.52,21,GWY Energy & Water,GWY,78966.92679301376,11.839768596423529
2023-12-01 00:00:00,683250.6,7621.11,20,GWY Energy & Water,GWY,78966.92679301376,8.65236406870588
2024-01-01 00:00:00,686173.69,7888.83,22,GWY Energy & Water,GWY,78966.92679301376,8.689380704894116
2024-02-01 00:00:00,706903.0,7842.88,20,GWY Energy & Water,GWY,78966.92679301376,8.951886931764705
2024-03-01 00:00:00,654626.5438,7908.733887,20,GWY Energy & Water,GWY,78966.92679301376,8.289882491133175
2024-04-01 00:00:00,689217.0875,8078.203613,21,GWY Energy & Water,GWY,78966.92679301376,8.727920858647058
2024-05-01 00:00:00,657221.0,8140.973096,21,GWY Energy & Water,GWY,78966.92679301376,8.32273746352941
2024-06-01 00:00:00,675380.6188,8059.372168,19,GWY Energy & Water,GWY,78966.92679301376,8.552702330309646
2024-07-01 00:00:00,665868.0625,7952.668457,23,GWY Energy & Water,GWY,78966.92679301376,8.432239793823529
2024-08-01 00:00:00,677974.7375,7958.947949,21,GWY Energy & Water,GWY,78966.92679301376,8.585553028764705
2024-09-01 00:00:00,657221.0,7783.19873,21,GWY Energy & Water,GWY,78966.92679301376,8.32273746352941
2024-10-01 00:00:00,639925.75,8059.372168,22,GWY Energy & Water,GWY,78966.92679301376,8.103718556470588
2024-11-01 00:00:00,671921.7938,7513.296338,21,GWY Energy & Water,GWY,78966.92679301376,8.508901398191998
2024-12-01 00:00:00,663273.9438,8097.032715,21,GWY Energy & Water,GWY,78966.92679301376,8.39938909536847
